{
    "name": "job_201312311252_0012", 
    "timeMininet": 90.8004219532013, 
    "timeTrace": 180.96199989318848
}